[{"model": "admin.logentry", "pk": 1, "fields": {"action_time": "2023-03-23T19:07:06.573Z", "user": 1, "content_type": 6, "object_id": "2", "object_repr": "user", "action_flag": 1, "change_message": "[{\"added\": {}}]"}}, {"model": "auth.permission", "pk": 1, "fields": {"name": "Can add log entry", "content_type": 1, "codename": "add_logentry"}}, {"model": "auth.permission", "pk": 2, "fields": {"name": "Can change log entry", "content_type": 1, "codename": "change_logentry"}}, {"model": "auth.permission", "pk": 3, "fields": {"name": "Can delete log entry", "content_type": 1, "codename": "delete_logentry"}}, {"model": "auth.permission", "pk": 4, "fields": {"name": "Can view log entry", "content_type": 1, "codename": "view_logentry"}}, {"model": "auth.permission", "pk": 5, "fields": {"name": "Can add permission", "content_type": 2, "codename": "add_permission"}}, {"model": "auth.permission", "pk": 6, "fields": {"name": "Can change permission", "content_type": 2, "codename": "change_permission"}}, {"model": "auth.permission", "pk": 7, "fields": {"name": "Can delete permission", "content_type": 2, "codename": "delete_permission"}}, {"model": "auth.permission", "pk": 8, "fields": {"name": "Can view permission", "content_type": 2, "codename": "view_permission"}}, {"model": "auth.permission", "pk": 9, "fields": {"name": "Can add group", "content_type": 3, "codename": "add_group"}}, {"model": "auth.permission", "pk": 10, "fields": {"name": "Can change group", "content_type": 3, "codename": "change_group"}}, {"model": "auth.permission", "pk": 11, "fields": {"name": "Can delete group", "content_type": 3, "codename": "delete_group"}}, {"model": "auth.permission", "pk": 12, "fields": {"name": "Can view group", "content_type": 3, "codename": "view_group"}}, {"model": "auth.permission", "pk": 13, "fields": {"name": "Can add content type", "content_type": 4, "codename": "add_contenttype"}}, {"model": "auth.permission", "pk": 14, "fields": {"name": "Can change content type", "content_type": 4, "codename": "change_contenttype"}}, {"model": "auth.permission", "pk": 15, "fields": {"name": "Can delete content type", "content_type": 4, "codename": "delete_contenttype"}}, {"model": "auth.permission", "pk": 16, "fields": {"name": "Can view content type", "content_type": 4, "codename": "view_contenttype"}}, {"model": "auth.permission", "pk": 17, "fields": {"name": "Can add session", "content_type": 5, "codename": "add_session"}}, {"model": "auth.permission", "pk": 18, "fields": {"name": "Can change session", "content_type": 5, "codename": "change_session"}}, {"model": "auth.permission", "pk": 19, "fields": {"name": "Can delete session", "content_type": 5, "codename": "delete_session"}}, {"model": "auth.permission", "pk": 20, "fields": {"name": "Can view session", "content_type": 5, "codename": "view_session"}}, {"model": "auth.permission", "pk": 21, "fields": {"name": "Can add user", "content_type": 6, "codename": "add_user"}}, {"model": "auth.permission", "pk": 22, "fields": {"name": "Can change user", "content_type": 6, "codename": "change_user"}}, {"model": "auth.permission", "pk": 23, "fields": {"name": "Can delete user", "content_type": 6, "codename": "delete_user"}}, {"model": "auth.permission", "pk": 24, "fields": {"name": "Can view user", "content_type": 6, "codename": "view_user"}}, {"model": "auth.permission", "pk": 25, "fields": {"name": "Can add category", "content_type": 7, "codename": "add_category"}}, {"model": "auth.permission", "pk": 26, "fields": {"name": "Can change category", "content_type": 7, "codename": "change_category"}}, {"model": "auth.permission", "pk": 27, "fields": {"name": "Can delete category", "content_type": 7, "codename": "delete_category"}}, {"model": "auth.permission", "pk": 28, "fields": {"name": "Can view category", "content_type": 7, "codename": "view_category"}}, {"model": "auth.permission", "pk": 29, "fields": {"name": "Can add genre", "content_type": 8, "codename": "add_genre"}}, {"model": "auth.permission", "pk": 30, "fields": {"name": "Can change genre", "content_type": 8, "codename": "change_genre"}}, {"model": "auth.permission", "pk": 31, "fields": {"name": "Can delete genre", "content_type": 8, "codename": "delete_genre"}}, {"model": "auth.permission", "pk": 32, "fields": {"name": "Can view genre", "content_type": 8, "codename": "view_genre"}}, {"model": "auth.permission", "pk": 33, "fields": {"name": "Can add title", "content_type": 9, "codename": "add_title"}}, {"model": "auth.permission", "pk": 34, "fields": {"name": "Can change title", "content_type": 9, "codename": "change_title"}}, {"model": "auth.permission", "pk": 35, "fields": {"name": "Can delete title", "content_type": 9, "codename": "delete_title"}}, {"model": "auth.permission", "pk": 36, "fields": {"name": "Can view title", "content_type": 9, "codename": "view_title"}}, {"model": "auth.permission", "pk": 37, "fields": {"name": "Can add title genre", "content_type": 10, "codename": "add_titlegenre"}}, {"model": "auth.permission", "pk": 38, "fields": {"name": "Can change title genre", "content_type": 10, "codename": "change_titlegenre"}}, {"model": "auth.permission", "pk": 39, "fields": {"name": "Can delete title genre", "content_type": 10, "codename": "delete_titlegenre"}}, {"model": "auth.permission", "pk": 40, "fields": {"name": "Can view title genre", "content_type": 10, "codename": "view_titlegenre"}}, {"model": "auth.permission", "pk": 41, "fields": {"name": "Can add review", "content_type": 11, "codename": "add_review"}}, {"model": "auth.permission", "pk": 42, "fields": {"name": "Can change review", "content_type": 11, "codename": "change_review"}}, {"model": "auth.permission", "pk": 43, "fields": {"name": "Can delete review", "content_type": 11, "codename": "delete_review"}}, {"model": "auth.permission", "pk": 44, "fields": {"name": "Can view review", "content_type": 11, "codename": "view_review"}}, {"model": "auth.permission", "pk": 45, "fields": {"name": "Can add comment", "content_type": 12, "codename": "add_comment"}}, {"model": "auth.permission", "pk": 46, "fields": {"name": "Can change comment", "content_type": 12, "codename": "change_comment"}}, {"model": "auth.permission", "pk": 47, "fields": {"name": "Can delete comment", "content_type": 12, "codename": "delete_comment"}}, {"model": "auth.permission", "pk": 48, "fields": {"name": "Can view comment", "content_type": 12, "codename": "view_comment"}}, {"model": "contenttypes.contenttype", "pk": 1, "fields": {"app_label": "admin", "model": "logentry"}}, {"model": "contenttypes.contenttype", "pk": 2, "fields": {"app_label": "auth", "model": "permission"}}, {"model": "contenttypes.contenttype", "pk": 3, "fields": {"app_label": "auth", "model": "group"}}, {"model": "contenttypes.contenttype", "pk": 4, "fields": {"app_label": "contenttypes", "model": "contenttype"}}, {"model": "contenttypes.contenttype", "pk": 5, "fields": {"app_label": "sessions", "model": "session"}}, {"model": "contenttypes.contenttype", "pk": 6, "fields": {"app_label": "reviews", "model": "user"}}, {"model": "contenttypes.contenttype", "pk": 7, "fields": {"app_label": "reviews", "model": "category"}}, {"model": "contenttypes.contenttype", "pk": 8, "fields": {"app_label": "reviews", "model": "genre"}}, {"model": "contenttypes.contenttype", "pk": 9, "fields": {"app_label": "reviews", "model": "title"}}, {"model": "contenttypes.contenttype", "pk": 10, "fields": {"app_label": "reviews", "model": "titlegenre"}}, {"model": "contenttypes.contenttype", "pk": 11, "fields": {"app_label": "reviews", "model": "review"}}, {"model": "contenttypes.contenttype", "pk": 12, "fields": {"app_label": "reviews", "model": "comment"}}, {"model": "sessions.session", "pk": "d1hzdtf07rrnlk8ey17exx8snar05mrg", "fields": {"session_data": ".eJxVjMEOwiAQRP-FsyF0qUA9evcbCMvuStXQpLQn47_bJj3obTLvzbxVTOtS4tp4jiOpi-rU6bfDlJ9cd0CPVO-TzlNd5hH1ruiDNn2biF_Xw_07KKmVbW0ZrPTsEYLzKBLYOJeDkEcj1KdskDGQ42wBOmODAMBwBh_clmhQny_8vzgO:1pfPYr:P6qaSC1d2XsQfXTdCPlWQDYPYcC5AZzUfcaRsoe3e9U", "expire_date": "2023-04-06T18:21:17.446Z"}}, {"model": "reviews.user", "pk": 1, "fields": {"last_login": "2023-03-23T18:21:17.444Z", "is_superuser": true, "username": "admin", "is_staff": true, "is_active": true, "date_joined": "2023-03-23T18:20:41.114Z", "email": "admin@admin.ru", "first_name": null, "last_name": null, "bio": null, "role": "admin", "confirmation_code": null, "password": "pbkdf2_sha256$260000$eclG8YsnWvZQQ4anvTD4Ze$t/Lv3DogVChFnxfLbqxUDH0fkoGX4ArZKE5pEX0lp6k=", "groups": [], "user_permissions": []}}, {"model": "reviews.user", "pk": 2, "fields": {"last_login": null, "is_superuser": false, "username": "user", "is_staff": false, "is_active": true, "date_joined": "2023-03-23T19:06:51Z", "email": "user@user.ru", "first_name": "user", "last_name": "user", "bio": "", "role": "user", "confirmation_code": "123", "password": "user", "groups": [], "user_permissions": []}}, {"model": "reviews.user", "pk": 100, "fields": {"last_login": null, "is_superuser": false, "username": "bingobongo", "is_staff": false, "is_active": true, "date_joined": "2023-03-23T19:11:51.742Z", "email": "bingobongo@yamdb.fake", "first_name": "", "last_name": "", "bio": "", "role": "user", "confirmation_code": null, "password": null, "groups": [], "user_permissions": []}}, {"model": "reviews.user", "pk": 101, "fields": {"last_login": null, "is_superuser": false, "username": "capt_obvious", "is_staff": false, "is_active": true, "date_joined": "2023-03-23T19:11:51.746Z", "email": "capt_obvious@yamdb.fake", "first_name": "", "last_name": "", "bio": "", "role": "admin", "confirmation_code": null, "password": null, "groups": [], "user_permissions": []}}, {"model": "reviews.user", "pk": 102, "fields": {"last_login": null, "is_superuser": false, "username": "faust", "is_staff": false, "is_active": true, "date_joined": "2023-03-23T19:11:51.748Z", "email": "faust@yamdb.fake", "first_name": "", "last_name": "", "bio": "", "role": "user", "confirmation_code": null, "password": null, "groups": [], "user_permissions": []}}, {"model": "reviews.user", "pk": 103, "fields": {"last_login": null, "is_superuser": false, "username": "reviewer", "is_staff": false, "is_active": true, "date_joined": "2023-03-23T19:11:51.750Z", "email": "reviewer@yamdb.fake", "first_name": "", "last_name": "", "bio": "", "role": "user", "confirmation_code": null, "password": null, "groups": [], "user_permissions": []}}, {"model": "reviews.user", "pk": 104, "fields": {"last_login": null, "is_superuser": false, "username": "angry", "is_staff": false, "is_active": true, "date_joined": "2023-03-23T19:11:51.752Z", "email": "angry@yamdb.fake", "first_name": "", "last_name": "", "bio": "", "role": "moderator", "confirmation_code": null, "password": null, "groups": [], "user_permissions": []}}, {"model": "reviews.category", "pk": 1, "fields": {"name": "Фильм", "slug": "movie"}}, {"model": "reviews.category", "pk": 2, "fields": {"name": "Книга", "slug": "book"}}, {"model": "reviews.category", "pk": 3, "fields": {"name": "Музыка", "slug": "music"}}, {"model": "reviews.genre", "pk": 1, "fields": {"name": "Драма", "slug": "drama"}}, {"model": "reviews.genre", "pk": 2, "fields": {"name": "Комедия", "slug": "comedy"}}, {"model": "reviews.genre", "pk": 3, "fields": {"name": "Вестерн", "slug": "western"}}, {"model": "reviews.genre", "pk": 4, "fields": {"name": "Фэнтези", "slug": "fantasy"}}, {"model": "reviews.genre", "pk": 5, "fields": {"name": "Фантастика", "slug": "sci-fi"}}, {"model": "reviews.genre", "pk": 6, "fields": {"name": "Детектив", "slug": "detective"}}, {"model": "reviews.genre", "pk": 7, "fields": {"name": "Триллер", "slug": "thriller"}}, {"model": "reviews.genre", "pk": 8, "fields": {"name": "Сказка", "slug": "tale"}}, {"model": "reviews.genre", "pk": 9, "fields": {"name": "Гонзо", "slug": "gonzo"}}, {"model": "reviews.genre", "pk": 10, "fields": {"name": "Роман", "slug": "roman"}}, {"model": "reviews.genre", "pk": 11, "fields": {"name": "Баллада", "slug": "ballad"}}, {"model": "reviews.genre", "pk": 12, "fields": {"name": "Rock-n-roll", "slug": "rock-n-roll"}}, {"model": "reviews.genre", "pk": 13, "fields": {"name": "Классика", "slug": "classical"}}, {"model": "reviews.genre", "pk": 14, "fields": {"name": "Рок", "slug": "rock"}}, {"model": "reviews.genre", "pk": 15, "fields": {"name": "Шансон", "slug": "chanson"}}, {"model": "reviews.title", "pk": 1, "fields": {"name": "Побег из Шоушенка", "year": 1994, "description": "", "category": 1}}, {"model": "reviews.title", "pk": 2, "fields": {"name": "Крестный отец", "year": 1972, "description": "", "category": 1}}, {"model": "reviews.title", "pk": 3, "fields": {"name": "12 разгневанных мужчин", "year": 1957, "description": "", "category": 1}}, {"model": "reviews.title", "pk": 4, "fields": {"name": "Список Шиндлера", "year": 1993, "description": "", "category": 1}}, {"model": "reviews.title", "pk": 5, "fields": {"name": "Криминальное чтиво", "year": 1994, "description": "", "category": 1}}, {"model": "reviews.title", "pk": 6, "fields": {"name": "Хороший, плохой, злой", "year": 1966, "description": "", "category": 1}}, {"model": "reviews.title", "pk": 7, "fields": {"name": "Властелин колец: Братство кольца", "year": 2001, "description": "", "category": 1}}, {"model": "reviews.title", "pk": 8, "fields": {"name": "Бойцовский клуб", "year": 1999, "description": "", "category": 1}}, {"model": "reviews.title", "pk": 9, "fields": {"name": "Форрест Гамп", "year": 1994, "description": "", "category": 1}}, {"model": "reviews.title", "pk": 10, "fields": {"name": "Звёздные войны. Эпизод 5: Империя наносит ответный удар", "year": 1980, "description": "", "category": 1}}, {"model": "reviews.title", "pk": 11, "fields": {"name": "Властелин колец: Две крепости", "year": 2002, "description": "", "category": 1}}, {"model": "reviews.title", "pk": 12, "fields": {"name": "Матрица", "year": 1999, "description": "", "category": 1}}, {"model": "reviews.title", "pk": 13, "fields": {"name": "Пролетая над гнездом кукушки", "year": 1975, "description": "", "category": 1}}, {"model": "reviews.title", "pk": 14, "fields": {"name": "Назад в будущее", "year": 1985, "description": "", "category": 1}}, {"model": "reviews.title", "pk": 15, "fields": {"name": "Операция «Ы» и другие приключения Шурика", "year": 1965, "description": "", "category": 1}}, {"model": "reviews.title", "pk": 16, "fields": {"name": "Карты, деньги, два ствола", "year": 1998, "description": "", "category": 1}}, {"model": "reviews.title", "pk": 17, "fields": {"name": "Джентльмены удачи ", "year": 1971, "description": "", "category": 1}}, {"model": "reviews.title", "pk": 18, "fields": {"name": "Джанго освобожденный", "year": 2012, "description": "", "category": 1}}, {"model": "reviews.title", "pk": 19, "fields": {"name": "Generation П", "year": 2011, "description": "", "category": 1}}, {"model": "reviews.title", "pk": 20, "fields": {"name": "Колобок", "year": 1873, "description": "", "category": 2}}, {"model": "reviews.title", "pk": 21, "fields": {"name": "Страх и ненависть в Лас-Вегасе", "year": 1971, "description": "", "category": 2}}, {"model": "reviews.title", "pk": 22, "fields": {"name": "Война и мир", "year": 1865, "description": "", "category": 2}}, {"model": "reviews.title", "pk": 23, "fields": {"name": "Улисс", "year": 1918, "description": "", "category": 2}}, {"model": "reviews.title", "pk": 24, "fields": {"name": "Generation П", "year": 1999, "description": "", "category": 2}}, {"model": "reviews.title", "pk": 25, "fields": {"name": "Винни Пух и все-все-все", "year": 1926, "description": "", "category": 2}}, {"model": "reviews.title", "pk": 26, "fields": {"name": "Стас Михайлов - Позывные на любовь", "year": 2004, "description": "", "category": 3}}, {"model": "reviews.title", "pk": 27, "fields": {"name": "Led Zeppelin — Stairway to Heaven", "year": 1971, "description": "", "category": 3}}, {"model": "reviews.title", "pk": 28, "fields": {"name": "Jethro Tull - Aqualung", "year": 1971, "description": "", "category": 3}}, {"model": "reviews.title", "pk": 29, "fields": {"name": "Elvis Presley - Blue Suede Shoes", "year": 1955, "description": "", "category": 3}}, {"model": "reviews.title", "pk": 30, "fields": {"name": "Deep Purple — Smoke on the Water", "year": 1971, "description": "", "category": 3}}, {"model": "reviews.title", "pk": 31, "fields": {"name": "Моцарт - Турецкий марш", "year": 1784, "description": "", "category": 3}}, {"model": "reviews.title", "pk": 32, "fields": {"name": "Бах. Оркестровая Сюита №2 си минор", "year": 1739, "description": "", "category": 3}}, {"model": "reviews.titlegenre", "pk": 1, "fields": {"title": 1, "genre": 1}}, {"model": "reviews.titlegenre", "pk": 2, "fields": {"title": 2, "genre": 1}}, {"model": "reviews.titlegenre", "pk": 3, "fields": {"title": 3, "genre": 1}}, {"model": "reviews.titlegenre", "pk": 4, "fields": {"title": 4, "genre": 1}}, {"model": "reviews.titlegenre", "pk": 5, "fields": {"title": 5, "genre": 2}}, {"model": "reviews.titlegenre", "pk": 6, "fields": {"title": 5, "genre": 6}}, {"model": "reviews.titlegenre", "pk": 7, "fields": {"title": 5, "genre": 7}}, {"model": "reviews.titlegenre", "pk": 8, "fields": {"title": 6, "genre": 3}}, {"model": "reviews.titlegenre", "pk": 9, "fields": {"title": 7, "genre": 4}}, {"model": "reviews.titlegenre", "pk": 10, "fields": {"title": 8, "genre": 7}}, {"model": "reviews.titlegenre", "pk": 11, "fields": {"title": 9, "genre": 1}}, {"model": "reviews.titlegenre", "pk": 12, "fields": {"title": 9, "genre": 2}}, {"model": "reviews.titlegenre", "pk": 13, "fields": {"title": 10, "genre": 4}}, {"model": "reviews.titlegenre", "pk": 14, "fields": {"title": 11, "genre": 4}}, {"model": "reviews.titlegenre", "pk": 15, "fields": {"title": 12, "genre": 1}}, {"model": "reviews.titlegenre", "pk": 16, "fields": {"title": 12, "genre": 5}}, {"model": "reviews.titlegenre", "pk": 17, "fields": {"title": 12, "genre": 6}}, {"model": "reviews.titlegenre", "pk": 18, "fields": {"title": 12, "genre": 8}}, {"model": "reviews.titlegenre", "pk": 19, "fields": {"title": 13, "genre": 1}}, {"model": "reviews.titlegenre", "pk": 20, "fields": {"title": 14, "genre": 5}}, {"model": "reviews.titlegenre", "pk": 21, "fields": {"title": 15, "genre": 2}}, {"model": "reviews.titlegenre", "pk": 22, "fields": {"title": 15, "genre": 6}}, {"model": "reviews.titlegenre", "pk": 23, "fields": {"title": 15, "genre": 8}}, {"model": "reviews.titlegenre", "pk": 24, "fields": {"title": 16, "genre": 2}}, {"model": "reviews.titlegenre", "pk": 25, "fields": {"title": 17, "genre": 2}}, {"model": "reviews.titlegenre", "pk": 26, "fields": {"title": 18, "genre": 1}}, {"model": "reviews.titlegenre", "pk": 27, "fields": {"title": 19, "genre": 1}}, {"model": "reviews.titlegenre", "pk": 28, "fields": {"title": 20, "genre": 7}}, {"model": "reviews.titlegenre", "pk": 29, "fields": {"title": 20, "genre": 8}}, {"model": "reviews.titlegenre", "pk": 30, "fields": {"title": 21, "genre": 9}}, {"model": "reviews.titlegenre", "pk": 31, "fields": {"title": 22, "genre": 10}}, {"model": "reviews.titlegenre", "pk": 32, "fields": {"title": 23, "genre": 10}}, {"model": "reviews.titlegenre", "pk": 33, "fields": {"title": 24, "genre": 10}}, {"model": "reviews.titlegenre", "pk": 34, "fields": {"title": 25, "genre": 8}}, {"model": "reviews.titlegenre", "pk": 35, "fields": {"title": 26, "genre": 15}}, {"model": "reviews.titlegenre", "pk": 36, "fields": {"title": 27, "genre": 11}}, {"model": "reviews.titlegenre", "pk": 37, "fields": {"title": 27, "genre": 14}}, {"model": "reviews.titlegenre", "pk": 38, "fields": {"title": 28, "genre": 11}}, {"model": "reviews.titlegenre", "pk": 39, "fields": {"title": 29, "genre": 12}}, {"model": "reviews.titlegenre", "pk": 40, "fields": {"title": 30, "genre": 14}}, {"model": "reviews.titlegenre", "pk": 41, "fields": {"title": 31, "genre": 13}}, {"model": "reviews.titlegenre", "pk": 42, "fields": {"title": 32, "genre": 13}}, {"model": "reviews.review", "pk": 1, "fields": {"author": 100, "title": 1, "score": 10, "pub_date": "2023-03-23T19:11:51.849Z", "text": "Ставлю десять звёзд!\n...Эти голоса были чище и светлее тех, о которых мечтали в этом сером, убогом месте. Как будто две птички влетели и своими голосами развеяли стены наших клеток, и на короткий миг каждый человек в Шоушенке почувствовал себя свободным."}}, {"model": "reviews.review", "pk": 2, "fields": {"author": 101, "title": 1, "score": 10, "pub_date": "2023-03-23T19:11:51.851Z", "text": "Не привыкай\n«Эти стены имеют одно свойство: сначала ты их ненавидишь, потом привыкаешь, а потом не можешь без них жить»"}}, {"model": "reviews.review", "pk": 3, "fields": {"author": 102, "title": 2, "score": 10, "pub_date": "2023-03-23T19:11:51.852Z", "text": "Фильм, разобранный на цитаты, достоин высшей оценки. Десять с плюсом (жаль, тут плюса нет)\n\"Ты пришел и говоришь: \"Дон Корлеоне, мне нужна справедливость\". Но ты просишь без уважения, ты не предлагаешь дружбу, ты даже не назвал меня Крестным Отцом.\""}}, {"model": "reviews.review", "pk": 4, "fields": {"author": 103, "title": 2, "score": 1, "pub_date": "2023-03-23T19:11:51.854Z", "text": "Жестокий, жестокий, жестокий мир, не о таком мечтали мы в детстве!!111\n***Отец сделал ему предложение, от которого он не смог отказаться. Лука Брази держал пистолет у его виска, и отец предложил выбор: либо на контракте мозги, либо подпись.***"}}, {"model": "reviews.review", "pk": 5, "fields": {"author": 104, "title": 2, "score": 3, "pub_date": "2023-03-23T19:11:51.855Z", "text": "Это мои соседи! Ставлю три звезды за то, что они дважды отдавили мне окном пальцы:\n----------------------\n— Вы живёте в плохом районе?\n— Не то слово. Однажды с нашей улицы угнали полицейскую машину с двумя полицейскими. В дом всё время лезут воры. Каждый раз, как я пытаюсь закрыть окно, прищемляю кому-нибудь пальцы."}}, {"model": "reviews.review", "pk": 6, "fields": {"author": 100, "title": 5, "score": 8, "pub_date": "2023-03-23T19:11:51.862Z", "text": "Всё, как в разных языках программирования! В основном — похоже, но вот эти маленькие различия выводят из себя. \nВеликий фильм на все случаи жизни!\n=====================================================\n— А знаешь, как в Париже называют четвертьфунтовый чизбургер?\n— Что, они не зовут его четвертьфунтовый чизбургер?\n— У них там метрическая система. Они вообще там не понимают, что за хрен четверть фунта.\n— И как они его зовут?\n— Они зовут его «Роял чизбургер».\n— «Роял чизбургер»? А как же тогда они зовут «Биг Мак»?\n— «Биг Мак» это «Биг Мак», только они называют его «Лё Биг Мак»."}}, {"model": "reviews.review", "pk": 7, "fields": {"author": 101, "title": 5, "score": 1, "pub_date": "2023-03-23T19:11:51.863Z", "text": "Ничего не понятно. Они там что, страницы сценария перепутали? Его сперва убили, а потом он опять жив, а они сперва в футболках, потом в костюмах, а потом опять в футболках. Ерунда полная"}}, {"model": "reviews.review", "pk": 8, "fields": {"author": 102, "title": 5, "score": 8, "pub_date": "2023-03-23T19:11:51.864Z", "text": "Очень поучительный фильм о том, что такое хорошо, что такое плохо и почему не надо читать в туалете.\nТвердая восьмёрка"}}, {"model": "reviews.review", "pk": 9, "fields": {"author": 103, "title": 6, "score": 9, "pub_date": "2023-03-23T19:11:51.866Z", "text": "Посмотрел фильм. \n— На свете есть два типа людей: те, кто копает и те, у кого заряжен револьвер.\nПойду копать, как велел Клинт. \nДевять баллов."}}, {"model": "reviews.review", "pk": 10, "fields": {"author": 104, "title": 6, "score": 10, "pub_date": "2023-03-23T19:11:51.867Z", "text": "Вечная проблема всех злодеев, болтающих-болтающих-болтающих вместо того, чтобы просто застрелить противника, одним махом решена в этой сцене.\nЗа одно это фильм заслуживает высшего балла\n\"Пришел стрелять - стреляй, а не болтай!\""}}, {"model": "reviews.review", "pk": 12, "fields": {"author": 101, "title": 14, "score": 8, "pub_date": "2023-03-23T19:11:51.893Z", "text": "Недавно именно так я изобрёл вечный двигатель! Чистая правда в фильме, почему он назван \"фантастикой\", это же полнейший реализм!\nВот цитата. Но зачем ему часы в уборной?!\n— В тот день я изобрёл путешествие во времени! Как сейчас помню… Я стоял на унитазе и вешал часы. Вдруг подскользнулся, ударился головой о раковину"}}, {"model": "reviews.review", "pk": 13, "fields": {"author": 102, "title": 14, "score": 7, "pub_date": "2023-03-23T19:11:51.895Z", "text": "Великий фильм, жаль только, что будущее, которое в нём показано, уже в прошлом. Но проблемы всё теже, вот как эта, например: «Док, послушай, всё, что нам нужно — это немного плутония!»\nВсегда не хватает какой-нибудь мелочи. Семёрка за то, что будущее оказалось не таким, как обещали."}}, {"model": "reviews.review", "pk": 14, "fields": {"author": 103, "title": 14, "score": 4, "pub_date": "2023-03-23T19:11:51.896Z", "text": "Будущее выглядит странно и неожиданно, тоже мне, бином Ньютона. Но диалог прекрасен, и за это не стану сильно минусовать.\n-- Then tell me, future boy, who's President of the United States in 1985?\n-- Ronald Reagan.\n-- Ronald Reagan? The actor? Then who's vice president? Jerry Lewis?"}}, {"model": "reviews.review", "pk": 15, "fields": {"author": 104, "title": 17, "score": 5, "pub_date": "2023-03-23T19:11:51.907Z", "text": "Неужели из тюрьмы так легко было сбежать? Раз - и ты на свободе. Да, побег из Шоушенка пришлось готовить немного дольше. Пять за соцреализм"}}, {"model": "reviews.review", "pk": 16, "fields": {"author": 100, "title": 3, "score": 7, "pub_date": "2023-03-23T19:11:51.856Z", "text": "Сходила в кино, решила написать: драйв и огонь, но иногда какой-то бред на экране. В середине фильма просто отличные диалоги! Пусть будет 7"}}, {"model": "reviews.review", "pk": 17, "fields": {"author": 101, "title": 3, "score": 8, "pub_date": "2023-03-23T19:11:51.858Z", "text": "Смотрел, не отрываясь, хочу описать свои впечатления. По моему мнению, сценарий подкачал, зато подбор актёров - супер. Начало немного затянуто. Оператору - Оскара! Всё остальное - не очень. Фильм тянет на 8 из 10"}}, {"model": "reviews.review", "pk": 18, "fields": {"author": 102, "title": 4, "score": 8, "pub_date": "2023-03-23T19:11:51.859Z", "text": "Скачал, посмотрел, думаю, что актёры так себе, сценарий хороший. Диалоги прекрасные, так что пусть будет восемь звезд"}}, {"model": "reviews.review", "pk": 19, "fields": {"author": 103, "title": 4, "score": 10, "pub_date": "2023-03-23T19:11:51.860Z", "text": "Посмотрел. По моему мнению, актёры так себе, но сценарий хороший. Первую половину фильма можно спать, не опасаясь, что что-то пропустишь. Не раздумывая, ставлю уверенную десятку"}}, {"model": "reviews.review", "pk": 20, "fields": {"author": 104, "title": 7, "score": 5, "pub_date": "2023-03-23T19:11:51.870Z", "text": "Скажу тем, кто ещё не смотрел: если бы я был режиссёром этого фильма - я бы не гордился. Оператора уволить, фильм получился так себе, но один раз посмотреть - сойдёт. Авторы честно заслужили 5 из 10"}}, {"model": "reviews.review", "pk": 21, "fields": {"author": 100, "title": 7, "score": 4, "pub_date": "2023-03-23T19:11:51.868Z", "text": "Скачал, посмотрел, думаю, что сценарий подкачал, зато подбор актёров - супер. Начало немного затянуто, да и вообще не очень. Фильм едва тянет на 4"}}, {"model": "reviews.review", "pk": 22, "fields": {"author": 101, "title": 8, "score": 2, "pub_date": "2023-03-23T19:11:51.871Z", "text": "Мне кажется, что я впустую потерял время. Ставлю 2"}}, {"model": "reviews.review", "pk": 23, "fields": {"author": 102, "title": 8, "score": 2, "pub_date": "2023-03-23T19:11:51.873Z", "text": "Посмотрела. Актёры так себе, сценарий хороший. Уснула к середине. Не раздумывая, ставлю двойку "}}, {"model": "reviews.review", "pk": 24, "fields": {"author": 103, "title": 9, "score": 10, "pub_date": "2023-03-23T19:11:51.875Z", "text": "Все очень долго ждали премьеру фильма,и наконец дождались.Фильм отличный,добрый,смотрится почти на одном дыхании,с завязанным сюжетом и не менее крутой музыкой.Кино очень понравилось!!!Всем советую."}}, {"model": "reviews.review", "pk": 25, "fields": {"author": 104, "title": 9, "score": 1, "pub_date": "2023-03-23T19:11:51.877Z", "text": "Отстой-фильм. Не ходите"}}, {"model": "reviews.review", "pk": 26, "fields": {"author": 100, "title": 9, "score": 10, "pub_date": "2023-03-23T19:11:51.874Z", "text": "Для людей, которые хотят посмеяться и получить море эмоций, тот самый фильм. Мне очень понравился."}}, {"model": "reviews.review", "pk": 27, "fields": {"author": 101, "title": 10, "score": 2, "pub_date": "2023-03-23T19:11:51.878Z", "text": "Первый раз в жизни решила написать отзыв,чтобы предостеречь от потери денег на билет и траты времени на просмотр. К игре актеров претензий нет"}}, {"model": "reviews.review", "pk": 28, "fields": {"author": 102, "title": 10, "score": 10, "pub_date": "2023-03-23T19:11:51.880Z", "text": "2 часа смотрятся на одном дыхании. Спецэффекты на уровне фильмов Марвела. Смотрели всей семьей. Посмотрел несколько отзывов, понял , что фильм стоит посмотреть"}}, {"model": "reviews.review", "pk": 29, "fields": {"author": 103, "title": 11, "score": 1, "pub_date": "2023-03-23T19:11:51.882Z", "text": "Действия персонажей вызывают постоянный вопросы - что и зачем они это делают. Логики просто нет. После половины фильма уже хочется уйти"}}, {"model": "reviews.review", "pk": 30, "fields": {"author": 104, "title": 11, "score": 10, "pub_date": "2023-03-23T19:11:51.884Z", "text": "Лучший фильм, однозначно. Шедевр. Но следует понимать, что это не кино под пиво для молодежи. Стильно снято, на одном дыхании\nсмотрится, персонажи великолепны"}}, {"model": "reviews.review", "pk": 31, "fields": {"author": 100, "title": 11, "score": 1, "pub_date": "2023-03-23T19:11:51.881Z", "text": "Тупее не видел, смотреть не интересно скучняк"}}, {"model": "reviews.review", "pk": 32, "fields": {"author": 101, "title": 12, "score": 8, "pub_date": "2023-03-23T19:11:51.885Z", "text": "Фильм интересный,но не доработанный.Остроты сюжета не хватает"}}, {"model": "reviews.review", "pk": 33, "fields": {"author": 102, "title": 12, "score": 10, "pub_date": "2023-03-23T19:11:51.886Z", "text": "Самая сильная картина за последнее время. Фильм заставляет плакать, радоваться, грустить, держит в напряжении"}}, {"model": "reviews.review", "pk": 34, "fields": {"author": 103, "title": 12, "score": 9, "pub_date": "2023-03-23T19:11:51.888Z", "text": "С огромным удовольствием сходила в кинотеатр. Одноразовые фильмы, названия которых забываешь на выходе из дверей кинозала, разочаровывают. И вот настоящий, душевный, жизненный фильм. Игра акторов и сюжет бомбические."}}, {"model": "reviews.review", "pk": 35, "fields": {"author": 104, "title": 13, "score": 1, "pub_date": "2023-03-23T19:11:51.892Z", "text": "Что сказать после просмотра? Ничего. Такое ощущение, что тебя обманули, заставили смотреть за твои деньги на стену"}}, {"model": "reviews.review", "pk": 36, "fields": {"author": 100, "title": 13, "score": 2, "pub_date": "2023-03-23T19:11:51.889Z", "text": "Хотелось уйти уже на двадцатой минуте. Неинтересно и нудно. Режиссура не впечатлила, ну просто неинтересно смотреть было"}}, {"model": "reviews.review", "pk": 37, "fields": {"author": 101, "title": 13, "score": 8, "pub_date": "2023-03-23T19:11:51.891Z", "text": "Фильм стоит увидеть тем, кому интересно современное кино. Не скучно, не затянуто, понравилась операторская работа, некоторые сцены сделаны на хорошем уровне"}}, {"model": "reviews.review", "pk": 38, "fields": {"author": 102, "title": 15, "score": 2, "pub_date": "2023-03-23T19:11:51.897Z", "text": "Муторно и тяжело. Ставлю 2"}}, {"model": "reviews.review", "pk": 39, "fields": {"author": 103, "title": 15, "score": 3, "pub_date": "2023-03-23T19:11:51.899Z", "text": "Фильм не оправдал ожиданий. Сплошная каша, слабый сценарий. С трудом досмотрела до конца. Ожидала нечто такого интересного и захватывающее. Полное разочарование. Отдельные несвязные сцены, непонятные диалоги"}}, {"model": "reviews.review", "pk": 40, "fields": {"author": 104, "title": 15, "score": 9, "pub_date": "2023-03-23T19:11:51.900Z", "text": "Мне фильм понравился. Все качественно,красиво. Игра актеров, в основном, очень даже. Но слишком много, для меня кровавых сцен,слабонервным просьба не смотреть"}}, {"model": "reviews.review", "pk": 41, "fields": {"author": 100, "title": 16, "score": 1, "pub_date": "2023-03-23T19:11:51.901Z", "text": "Зря потерянное время! Эмоции после просмотра, - безысходность, ничего уже не изменишь. Фильм вообще никакой!!!\nИ поставили его люди бездарные и никчёмные!!!"}}, {"model": "reviews.review", "pk": 42, "fields": {"author": 101, "title": 16, "score": 2, "pub_date": "2023-03-23T19:11:51.903Z", "text": "После просмотра разочарование граничит с шоком. Бездарный фильм, как предыдущий от этого же режиссера. Не рекомендую никому! Плохо, неправдоподобно, скомкано снято."}}, {"model": "reviews.review", "pk": 43, "fields": {"author": 102, "title": 16, "score": 10, "pub_date": "2023-03-23T19:11:51.904Z", "text": "Фильм мощный. Главное - не занимать чью-то позицию, а смотреть со стороны. Впервые вижу, чтобы было так детально показаны переживания и эмоции каждого героя. Все на своем месте. Актеры и графика на высоте."}}, {"model": "reviews.review", "pk": 44, "fields": {"author": 103, "title": 17, "score": 10, "pub_date": "2023-03-23T19:11:51.905Z", "text": "Если такой жанр вам по вкусу, то даже не сомневайтесь - бегом в кинотеатр! Фильм - огонь! Интересный сюжет, великолепная игра актёров, съёмки просто супер, да и спецэффекты на высоте"}}, {"model": "reviews.review", "pk": 45, "fields": {"author": 104, "title": 18, "score": 8, "pub_date": "2023-03-23T19:11:51.909Z", "text": "Сюжет, мысль, философия, игра актеров, эмоции - блеск! Сюжет динамичный, игра актёров хороша, но не идеальна."}}, {"model": "reviews.review", "pk": 46, "fields": {"author": 100, "title": 18, "score": 2, "pub_date": "2023-03-23T19:11:51.908Z", "text": "Разочарованине, вытащила себя в кино, а тут такое. Реклама шла мноообещающая, а в реальности всё не то"}}, {"model": "reviews.review", "pk": 47, "fields": {"author": 101, "title": 19, "score": 10, "pub_date": "2023-03-23T19:11:51.911Z", "text": "Неправдоподобный, нелогичный, бессмысленный фильм. Просто никакой, можете даже не смотреть, сути не уловите. Мне понравился"}}, {"model": "reviews.review", "pk": 48, "fields": {"author": 102, "title": 19, "score": 8, "pub_date": "2023-03-23T19:11:51.912Z", "text": "Интересно продуманный фильм, цепляет необычным сюжетом. длинный, что бывает не во всех фильмах. Актёры крутые. В общем, посмотреть можно."}}, {"model": "reviews.review", "pk": 49, "fields": {"author": 103, "title": 20, "score": 10, "pub_date": "2023-03-23T19:11:51.913Z", "text": "Внимательно слежу за всеми новыми изданиями, покупаю каждое. Лучший триллер тысячелетия — это «Колобок»"}}, {"model": "reviews.review", "pk": 50, "fields": {"author": 104, "title": 20, "score": 10, "pub_date": "2023-03-23T19:11:51.915Z", "text": "А вот у кипчаков «колобок» — шарик из навоза! И сказка приобретает совсем другой смысл! «Не хитри, а то навоза накушаешься!»"}}, {"model": "reviews.review", "pk": 51, "fields": {"author": 100, "title": 21, "score": 1, "pub_date": "2023-03-23T19:11:51.916Z", "text": "Прочла от начала до конца, не отрываясь. Ужасная книга, чему она может научить нашу молодёжь."}}, {"model": "reviews.review", "pk": 52, "fields": {"author": 101, "title": 21, "score": 10, "pub_date": "2023-03-23T19:11:51.917Z", "text": "Суровые американские семидесятые в документальном изложении. Как автор дожил до 2005-го года — загадка. Но роман прекрасный."}}, {"model": "reviews.review", "pk": 53, "fields": {"author": 102, "title": 22, "score": 10, "pub_date": "2023-03-23T19:11:51.919Z", "text": "Многабукуф. Ниасилил. В аннотации написано — «великий роман», так что ставлю максимальную оценку"}}, {"model": "reviews.review", "pk": 54, "fields": {"author": 103, "title": 22, "score": 10, "pub_date": "2023-03-23T19:11:51.920Z", "text": "Если такой жанр вам по вкусу, то даже не сомневайтесь: садитесь читать! Роман - огонь! Интересный сюжет, великолепные персонажи, небо Аустерлица и встреча с дубом"}}, {"model": "reviews.review", "pk": 55, "fields": {"author": 104, "title": 22, "score": 8, "pub_date": "2023-03-23T19:11:51.921Z", "text": "Я ВиМ в школе читал (заставляли), а потом опять случайно прочёл, и оказалось, что он и правла великий, а не просто так. Не ставлю десятку только в память о школьных мучениях"}}, {"model": "reviews.review", "pk": 56, "fields": {"author": 100, "title": 23, "score": 3, "pub_date": "2023-03-23T19:11:51.923Z", "text": "Ничего не понял"}}, {"model": "reviews.review", "pk": 57, "fields": {"author": 101, "title": 23, "score": 1, "pub_date": "2023-03-23T19:11:51.924Z", "text": "Не понял вообще ничего"}}, {"model": "reviews.review", "pk": 58, "fields": {"author": 102, "title": 23, "score": 8, "pub_date": "2023-03-23T19:11:51.925Z", "text": "Совсем непонятно, но здорово"}}, {"model": "reviews.review", "pk": 59, "fields": {"author": 103, "title": 23, "score": 10, "pub_date": "2023-03-23T19:11:51.927Z", "text": "Что это было?! Десятка за уровень непонятности"}}, {"model": "reviews.review", "pk": 60, "fields": {"author": 104, "title": 23, "score": 10, "pub_date": "2023-03-23T19:11:51.928Z", "text": "Детально комментировать не буду, но это шедевр"}}, {"model": "reviews.review", "pk": 63, "fields": {"author": 102, "title": 24, "score": 2, "pub_date": "2023-03-23T19:11:51.929Z", "text": "Не может быть такого. Это всё придумано, автор попытался обмануть читателя, но мы, читатели, умнее его. Нас вокруг пальца не обведёшь!!"}}, {"model": "reviews.review", "pk": 64, "fields": {"author": 103, "title": 24, "score": 9, "pub_date": "2023-03-23T19:11:51.930Z", "text": "Всё совершенно не так, как на самом деле, и в документальной повести это хорошо описано"}}, {"model": "reviews.review", "pk": 65, "fields": {"author": 104, "title": 25, "score": 10, "pub_date": "2023-03-23T19:11:51.933Z", "text": "Если бы я только мог на минутку перестать бумкать головой по ступенькам и как следует сосредоточиться — я бы написал прекрасный отзыв. Но увы — сосредоточиться-то мне и некогда: учёба, работа. Просто поставлю пятёрку"}}, {"model": "reviews.review", "pk": 66, "fields": {"author": 100, "title": 25, "score": 10, "pub_date": "2023-03-23T19:11:51.932Z", "text": "Это просто «Война и мир» для детей. Читать всем"}}, {"model": "reviews.review", "pk": 67, "fields": {"author": 101, "title": 26, "score": 10, "pub_date": "2023-03-23T19:11:51.934Z", "text": "Слушаю и плачу. Плачу, но слушаю"}}, {"model": "reviews.review", "pk": 68, "fields": {"author": 102, "title": 27, "score": 1, "pub_date": "2023-03-23T19:11:51.936Z", "text": "Какой-то непонятный шум. Неужели это кто-то слушает?"}}, {"model": "reviews.review", "pk": 69, "fields": {"author": 103, "title": 27, "score": 2, "pub_date": "2023-03-23T19:11:51.937Z", "text": "Ничего не понятно. О чём эта песня, чему она учит?"}}, {"model": "reviews.review", "pk": 70, "fields": {"author": 104, "title": 28, "score": 10, "pub_date": "2023-03-23T19:11:51.940Z", "text": "Йэн Андерсон великий!!!!!!!!1111"}}, {"model": "reviews.review", "pk": 71, "fields": {"author": 100, "title": 28, "score": 10, "pub_date": "2023-03-23T19:11:51.938Z", "text": "Неужели песню про аквалангистов перевели на английский?! Ну наконец-то! Аквалангисты — это хорошо!"}}, {"model": "reviews.review", "pk": 72, "fields": {"author": 101, "title": 29, "score": 10, "pub_date": "2023-03-23T19:11:51.941Z", "text": "Мы прыгали, вертелись и кружились так, что пол ходил ходуном!"}}, {"model": "reviews.review", "pk": 73, "fields": {"author": 104, "title": 30, "score": 10, "pub_date": "2023-03-23T19:11:51.942Z", "text": "Это единственный риф, который я умею играть на своей супердорогой гитаре! Моя любимая песня"}}, {"model": "reviews.review", "pk": 74, "fields": {"author": 100, "title": 31, "score": 8, "pub_date": "2023-03-23T19:11:51.944Z", "text": "Странно: Моцарт - австриец, а марш - турецкий. Не понимаю, как так вышло. Звучит красиво, но за географическую путаницу ставлю восемь"}}, {"model": "reviews.review", "pk": 75, "fields": {"author": 102, "title": 32, "score": 10, "pub_date": "2023-03-23T19:11:51.945Z", "text": "Бах forever. Это вам не три аккорда на гитаре, как у смок он зе вотер"}}, {"model": "reviews.comment", "pk": 1, "fields": {"author": 102, "review": 6, "text": "Ничего подобного, в фильме всё не так, и программирование тут вообще ни при чём!", "pub_date": "2023-03-23T19:11:51.947Z"}}, {"model": "reviews.comment", "pk": 2, "fields": {"author": 101, "review": 6, "text": "Ну надо же, не нашлось ничего лучшего, кроме как прокомментировать разговор про гамбургеры, будто в фильме ничего важнее этого нет", "pub_date": "2023-03-23T19:11:51.948Z"}}, {"model": "reviews.comment", "pk": 3, "fields": {"author": 103, "review": 6, "text": "Кстати, а что такое \"четверть фунта\"? В граммах это сколько?", "pub_date": "2023-03-23T19:11:51.949Z"}}]